"$250,001 ","Hillsborough City Elementary School District / 11,148"
"$212,222 ","Piedmont City Unified School District / 10,957"
"$195,536 ","Ross Elementary School District / 2,502"
"$192,589 ","Portola Valley Elementary School District / 6,520"
"$189,911 ","Woodside Elementary School District / 3,436"
"$172,521 ","Saratoga Union Elementary School District / 19,774"
"$166,644 ","Orinda Union Elementary School District / 18,325"
"$164,362 ","Las Lomitas Elementary School District / 11,410"
"$160,136 ","Los Altos Elementary School District / 42,311"
"$158,266 ","La Canada Unified School District / 18,300"
"$150,032 ","Los Gatos-Saratoga Joint Union School District / 55,165"
"$145,214 ","Washington Union Elementary School District / 6,271"
"$142,071 ","Manhattan Beach Unified School District / 35,534"
"$140,216 ","Lafayette Elementary School District / 27,745"
"$139,044 ","Los Gatos Union Elementary School District / 28,815"
"$138,368 ","Menlo Park City Elementary School District / 27,036"
"$137,367 ","San Ramon Valley Unified School District / 146,042"
"$133,917 ","Palos Verdes Peninsula Unified School District / 61,812"
"$133,333 ","Lakeside Joint Elementary School District / 2,656"
"$132,776 ","Moraga Elementary School District / 16,762"
"$132,411 ","Loma Prieta Joint Union Elementary School District / 3,920"
"$129,539 ","Reed Union Elementary School District / 13,596"
"$129,250 ","Del Mar Union Elementary School District / 43,248"
"$128,261 ","Cold Spring Elementary School District / 3,473"
"$127,123 ","Cupertino Union Elementary School District / 143,474"
"$126,364 ","Happy Valley Elementary School District / 1,496"
"$124,635 ","Mill Valley Elementary School District / 31,133"
"$123,181 ","Pleasanton Unified School District / 73,602"
"$122,267 ","San Carlos Elementary School District / 27,219"
"$122,005 ","San Marino Unified School District / 15,245"
"$121,159 ","Palo Alto Unified School District / 81,964"
"$120,139 ","Mesa Union Elementary School District / 4,276"
"$118,371 ","Oak Park Unified School District / 14,685"
"$117,281 ","Las Virgenes Unified School District / 64,624"
"$115,469 ","Montecito Union Elementary School District / 6,108"
"$115,078 ","San Pasqual Union Elementary School District / 3,643"
"$114,924 ","Rancho Santa Fe Elementary School District / 5,460"
"$113,750 ",Nicasio Elementary School District / 687
"$113,499 ","Dublin Unified School District / 47,748"
"$113,342 ","Belmont-Redwood Shores Elementary School District / 41,943"
"$112,894 ","Fremont Union High School District / 232,582"
"$112,586 ","Mountain View-Los Altos Union School District / 109,580"
"$112,582 ","Union Elementary School District / 44,623"
"$111,994 ","Solana Beach Elementary School District / 39,915"
"$111,399 ","Orchard Elementary School District / 18,109"
"$111,389 ","Byron Union Elementary School District / 15,914"
"$110,007 ","Scotts Valley Unified School District / 17,535"
"$109,534 ","Tamalpais Union High School District / 114,934"
"$107,954 ","San Dieguito Union High School District / 172,297"
"$107,250 ","Latrobe Elementary School District / 3,273"
"$107,179 ","Name N/A / 13,700"
"$107,172 ","Evergreen Elementary School District / 103,353"
"$105,029 ","Hermosa Beach City Elementary School District / 19,725"
"$104,087 ","Cabrillo Unified School District / 25,629"
"$103,865 ","Poway Unified School District / 195,170"
"$103,591 ","Fremont Unified School District / 221,654"
"$103,574 ","Larkspur Elementary School District / 14,173"
"$103,064 ","Redondo Beach Unified School District / 67,511"
"$103,015 ","Ross Valley Elementary School District / 23,973"
"$101,908 ","Kentfield Elementary School District / 11,874"
"$101,777 ","Acalanes Union High School District / 112,398"
"$101,658 ","Eureka Union Elementary School District / 27,559"
"$101,628 ","Norris Elementary School District / 25,386"
"$101,391 ","Livermore Valley Joint Unified School District / 88,647"
"$101,125 ","Southside Elementary School District / 1,967"
"$100,948 ","Saugus Union Elementary School District / 105,341"
"$100,761 ","Sunnyvale Elementary School District / 89,108"
"$100,750 ",Canyon Elementary School District / 181
"$100,390 ","Castaic Union Elementary School District / 29,761"
"$100,226 ","Conejo Valley Unified School District / 136,471"
"$100,178 ","Capistrano Unified School District / 353,831"
"$99,851 ","Sequoia Union High School District / 250,341"
"$99,680 ","Buckeye Union Elementary School District / 37,679"
"$99,583 ",Alexander Valley Union Elementary School District / 830
"$99,400 ","Milpitas Unified School District / 68,611"
"$99,336 ","Moorpark Unified School District / 36,271"
"$99,259 ","Name N/A / 15,572"
"$99,259 ","Jefferson Elementary School District / 15,572"
"$99,221 ","McSwain Union Elementary School District / 5,777"
"$98,248 ","Etiwanda Elementary School District / 92,600"
"$97,718 ","Berryessa Union Elementary School District / 83,552"
"$97,404 ","Ballard Elementary School District / 1,492"
"$97,298 ","San Mateo-Foster City Elementary School District / 133,264"
"$97,138 ","Morgan Hill Unified School District / 61,068"
"$96,628 ","Laguna Salada Union Elementary School District / 37,980"
"$95,835 ","Castro Valley Unified School District / 51,341"
"$95,351 ","Encinitas Union Elementary School District / 71,440"
"$95,091 ","San Mateo Union High School District / 232,274"
"$94,998 ","Santa Clara Unified School District / 148,885"
"$94,572 ","Rosedale Union Elementary School District / 43,174"
"$94,260 ","McCabe Union Elementary School District / 7,012"
"$93,833 ","North County Joint Union Elementary School District / 3,814"
"$93,800 ","Grant Elementary School District / 3,157"
"$93,796 ","Walnut Valley Unified School District / 56,754"
"$93,349 ","Mountain View Whisman Elementary School District / 67,269"
"$93,071 ","Rescue Union Elementary School District / 35,075"
"$93,058 ","Burlingame Elementary School District / 31,075"
"$92,917 ",Lagunita Elementary School District / 314
"$92,443 ","Spreckels Union Elementary School District / 6,822"
"$92,031 ","Dehesa Elementary School District / 1,990"
"$91,853 ","Cardiff Elementary School District / 12,234"
"$91,769 ","Irvine Unified School District / 202,069"
"$91,750 ",Dunham Elementary School District / 889
"$91,333 ","Mountain Elementary School District / 1,422"
"$91,270 ","Jamul-Dulzura Union Elementary School District / 8,727"
"$91,250 ",Santa Clara Elementary School District / 137
"$91,250 ",Name N/A / 137
"$91,250 ",Bitterwater-Tully Union Elementary School District / 89
"$90,992 ","Oak Grove Elementary School District / 108,014"
"$90,876 ","Coronado Unified School District / 25,123"
"$90,869 ","College Elementary School District / 5,872"
"$90,728 ","Rio Bravo-Greeley Union Elementary School District / 5,425"
"$90,625 ","Name N/A / 1,029"
"$90,625 ","Mupu Elementary School District / 1,029"
"$90,440 ","Dixie Elementary School District / 21,972"
"$90,244 ","Brentwood Union Elementary School District / 56,903"
"$89,417 ","Simi Valley Unified School District / 129,256"
"$89,305 ","Benicia Unified School District / 27,540"
"$89,099 ","Laguna Beach Unified School District / 28,582"
"$89,087 ","Bonny Doon Union Elementary School District / 2,994"
"$88,958 ","Los Olivos Elementary School District / 1,496"
"$88,582 ","William S. Hart Union High School District / 272,531"
"$88,561 ","Pleasant Valley Elementary School District / 74,799"
"$88,548 ","Waugh Elementary School District / 6,323"
"$88,162 ","Placentia-Yorba Linda Unified School District / 162,650"
"$88,097 ","Huntington Beach City Elementary School District / 85,081"
"$88,040 ","Acton-Agua Dulce Unified School District / 11,329"
"$87,925 ","Loomis Union Elementary School District / 22,475"
"$87,545 ","Mount Pleasant Elementary School District / 22,947"
"$87,470 ","Somis Union Elementary School District / 3,237"
"$87,218 ","Millbrae Elementary School District / 25,225"
"$87,172 ","Carmel Unified School District / 22,836"
"$87,046 ","Campbell Union High School District / 226,780"
"$86,922 ","Beverly Hills Unified School District / 34,601"
"$86,811 ","Fountain Valley Elementary School District / 53,593"
"$86,717 ","Cambrian Elementary School District / 30,026"
"$86,521 ","Newark Unified School District / 43,635"
"$86,513 ","La Honda-Pescadero Unified School District / 3,678"
"$86,500 ","Richmond Elementary School District / 1,024"
"$85,805 ","Old Adobe Union Elementary School District / 25,545"
"$85,625 ","Travis Unified School District / 31,816"
"$85,602 ","Liberty Union High School District / 110,305"
"$85,382 ","Saddleback Valley Unified School District / 208,325"
"$85,313 ",Sunol Glen Unified School District / 989
"$85,110 ","Moreland Elementary School District / 49,281"
"$84,975 ","Sausalito Elementary School District / 10,913"
"$84,688 ","North Cow Creek Elementary School District / 1,514"
"$84,583 ",Gratton Elementary School District / 574
"$84,536 ","Plumas Elementary School District / 4,183"
"$84,004 ","El Segundo Unified School District / 16,839"
"$83,878 ","San Jose Unified School District / 263,681"
"$83,775 ","Cypress Elementary School District / 44,224"
"$83,644 ","Newhall Elementary School District / 74,701"
"$83,507 ","Newport-Mesa Unified School District / 198,500"
"$83,246 ","Corona-Norco Unified School District / 266,438"
"$82,708 ","Lagunitas Elementary School District / 4,154"
"$82,629 ","Gilroy Unified School District / 60,101"
"$82,605 ","Alta Loma Elementary School District / 56,136"
"$82,524 ","Tustin Unified School District / 137,595"
"$82,507 ","Temecula Valley Unified School District / 147,264"
"$82,380 ","San Bruno Park Elementary School District / 37,134"
"$82,245 ","Campbell Union Elementary School District / 98,544"
"$82,232 ","Pioneer Union Elementary School District / 11,450"
"$82,145 ","New Haven Unified School District / 76,111"
"$82,115 ","St. Helena Unified School District / 10,147"
"$82,086 ","Bonsall Union Elementary School District / 16,165"
"$82,084 ","Chino Valley Unified School District / 177,117"
"$82,083 ",Clay Joint Elementary School District / 519
"$81,956 ","Arcadia Unified School District / 58,214"
"$81,948 ","South San Francisco Unified School District / 80,631"
"$81,803 ","Dry Creek Joint Elementary School District / 53,224"
"$81,701 ","Westside Union Elementary School District / 69,226"
"$81,650 ","East Side Union High School District / 537,493"
"$81,614 ","Orange Unified School District / 221,154"
"$81,567 ","Brea-Olinda Unified School District / 35,795"
"$81,432 ","Wiseburn Elementary School District / 13,295"
"$80,940 ","San Rafael City High School District / 77,255"
"$80,524 ","Claremont Unified School District / 41,524"
"$80,492 ","Carlsbad Unified School District / 73,826"
"$80,479 ","South Pasadena Unified School District / 25,914"
"$80,470 ","Rocklin Unified School District / 58,954"
"$80,440 ","Redwood City Elementary School District / 97,537"
"$80,333 ","Santa Monica-Malibu Unified School District / 110,934"
"$80,103 ","Windsor Unified School District / 29,475"
"$80,008 ","Lowell Joint Elementary School District / 34,891"
"$79,949 ","Jefferson Union High School District / 147,284"
"$79,898 ","Kings River-Hardwick Union Elementary School District / 2,613"
"$79,820 ","Alpine Union Elementary School District / 19,010"
"$79,578 ","Roseville Joint Union High School District / 169,832"
"$79,439 ","Mountain View Elementary School District / 20,964"
"$79,337 ","Novato Unified School District / 60,309"
"$79,302 ","Culver City Unified School District / 39,615"
"$79,250 ",Willow Grove Union Elementary School District / 250
"$78,769 ","Albany City Unified School District / 19,020"
"$78,750 ",Pleasant Valley Joint Union Elementary School District / 981
"$78,718 ","Petaluma Joint Union High School District / 75,277"
"$78,685 ","Torrance Unified School District / 146,841"
"$78,378 ","San Francisco Unified School District / 829,072"
"$78,182 ",Browns Elementary School District / 930
"$77,941 ","West Side Union Elementary School District / 1,114"
"$77,883 ","San Rafael City Elementary School District / 55,283"
"$77,602 ","Ramona City Unified School District / 35,871"
"$77,500 ","Oak View Union Elementary School District / 2,836"
"$77,304 ","Ocean View Elementary School District / 94,443"
"$77,139 ","Bennett Valley Union Elementary School District / 9,386"
"$76,868 ","Huntington Beach Union High School District / 319,151"
"$76,750 ","Liberty Elementary School District / 2,115"
"$76,702 ","Bonita Unified School District / 62,559"
"$76,619 ","Folsom-Cordova Unified School District / 124,193"
"$76,607 ",Tres Pinos Union Elementary School District / 798
"$76,575 ","Glendora Unified School District / 37,616"
"$76,439 ","Alameda City Unified School District / 75,763"
"$76,337 ","Twin Hills Union Elementary School District / 5,726"
"$76,250 ",Mulberry Elementary School District / 138
"$76,012 ","Golden Valley Unified School District / 10,471"
"$75,921 ","Brisbane Elementary School District / 8,353"
"$75,813 ","Franklin Elementary School District / 2,444"
"$75,764 ",Laguna Joint Elementary School District / 464
"$75,726 ","Valley Center-Pauma Unified School District / 24,700"
"$75,675 ","Mount Diablo Unified School District / 258,884"
"$75,500 ","Wilmar Union Elementary School District / 3,125"
"$75,417 ","San Antonio Union Elementary School District / 1,869"
"$75,350 ","Mark West Union Elementary School District / 14,831"
"$75,117 ","Pasadena Unified School District / 205,980"
"$75,091 ","Pacific Grove Unified School District / 18,360"
"$75,036 ","Imperial Unified School District / 22,164"
"$74,968 ","Piner-Olivet Union Elementary School District / 16,084"
"$74,712 ","Bolinas-Stinson Union Elementary School District / 1,929"
"$74,688 ","Gravenstein Union Elementary School District / 5,850"
"$74,633 ","Walnut Creek Elementary School District / 49,385"
"$74,586 ","East Whittier City Elementary School District / 75,144"
"$74,559 ","Murrieta Valley Unified School District / 107,409"
"$74,449 ","Santee Elementary School District / 58,990"
"$74,365 ","Oakley Union Elementary School District / 34,885"
"$74,246 ","Ripon Unified School District / 17,319"
"$74,167 ","Arcohe Union Elementary School District / 4,471"
"$74,122 ","Black Oak Mine Unified School District / 12,869"
"$74,058 ","Templeton Unified School District / 10,269"
"$74,031 ","Martinez Unified School District / 28,877"
"$73,811 ","El Dorado Union High School District / 139,364"
"$73,750 ","Santa Ynez Valley Union High School District / 20,599"
"$73,750 ",Garfield Elementary School District / 379
"$73,731 ","San Lorenzo Valley Unified School District / 24,210"
"$73,513 ","Roseville City Elementary School District / 89,049"
"$73,362 ","Sulphur Springs Union Elementary School District / 62,728"
"$73,271 ","Oak Grove Union Elementary School District / 4,903"
"$73,170 ","Lakeside Union Elementary School District / 7,182"
"$73,068 ",Blochman Union Elementary School District / 923
"$73,056 ","Howell Mountain Elementary School District / 4,132"
"$72,908 ","Orcutt Union Elementary School District / 36,783"
"$72,830 ","Vacaville Unified School District / 78,090"
"$72,810 ","Name N/A / 103,960"
"$72,500 ",Plaza Elementary School District / 291
"$72,256 ","Jefferson Elementary School District / 89,287"
"$72,128 ","John Swett Unified School District / 14,876"
"$72,055 ","Charter Oak Unified School District / 36,949"
"$71,696 ","Monrovia Unified School District / 44,311"
"$71,675 ","ABC Unified School District / 106,746"
"$71,563 ",Roberts Ferry Union Elementary School District / 342
"$71,546 ","Carpinteria Unified School District / 18,090"
"$71,250 ",Outside Creek Elementary School District / 517
"$71,250 ",Name N/A / 517
"$71,236 ","Fruitvale Elementary School District / 20,456"
"$71,210 ","Placer Hills Union Elementary School District / 13,707"
"$71,094 ",Pleasant Grove Joint Union Elementary School District / 867
"$71,042 ",Vista del Mar Union Elementary School District / 420
"$71,023 ",Cienega Union Elementary School District / 243
"$70,955 ","Clovis Unified School District / 193,968"
"$70,938 ",Graves Elementary School District / 78
"$70,833 ","Knightsen Elementary School District / 2,603"
"$70,799 ","Los Alamitos Unified School District / 50,324"
"$70,669 ","Denair Unified School District / 8,450"
"$70,590 ","Petaluma City Elementary School District / 32,335"
"$70,556 ","Rincon Valley Union Elementary School District / 38,295"
"$70,191 ","Napa Valley Unified School District / 117,280"
"$70,158 ","Western Placer Unified School District / 51,543"
"$69,818 ","Janesville Union Elementary School District / 3,515"
"$69,679 ","Hope Elementary School District / 15,956"
"$69,583 ",Big Creek Elementary School District / 472
"$69,505 ","Bayshore Elementary School District / 6,092"
"$69,501 ","San Benito High School District / 51,226"
"$69,329 ","Emery Unified School District / 10,497"
"$69,212 ","Goleta Union Elementary School District / 78,423"
"$69,196 ","Pine Ridge Elementary School District / 1,042"
"$68,973 ","Junction Elementary School District / 4,056"
"$68,958 ","Pope Valley Union Elementary School District / 1,009"
"$68,869 ","Dixon Unified School District / 22,194"
"$68,840 ","Name N/A / 84,740"
"$68,750 ","West Covina Unified School District / 60,683"
"$68,594 ","Tracy Joint Unified School District / 76,923"
"$68,511 ","Redlands Unified School District / 127,504"
"$68,500 ","Soulsbyville Elementary School District / 4,210"
"$68,362 ","Salida Union Elementary School District / 20,947"
"$68,084 ","Oxnard Union High School District / 321,283"
"$67,917 ","Shandon Joint Unified School District / 1,896"
"$67,758 ","Hollister School District / 43,847"
"$67,624 ","Fullerton Elementary School District / 118,973"
"$67,560 ","Natomas Unified School District / 73,273"
"$67,510 ","Ojai Unified School District / 21,920"
"$67,250 ",Nuestro Elementary School District / 334
"$67,214 ","Hacienda La Puente Unified School District / 119,479"
"$67,145 ","Soquel Elementary School District / 27,623"
"$67,145 ","Santa Cruz City High School District (9-12) in Soquel / 27,623"
"$67,081 ","Chula Vista Elementary School District / 292,557"
"$67,031 ",Pacific Elementary School District / 654
"$66,985 ","Gold Oak Union Elementary School District / 8,823"
"$66,823 ","Fairfield-Suisun Unified School District / 131,391"
"$66,806 ","Fullerton Joint Union High School District / 254,929"
"$66,719 ","Ventura Unified School District / 120,616"
"$66,703 ","Helendale Elementary School District / 6,313"
"$66,585 ","Tahoe-Truckee Joint Unified School District / 30,275"
"$66,477 ","Jacoby Creek Elementary School District / 2,847"
"$66,178 ","Esparto Unified School District / 5,729"
"$66,111 ","Burbank Unified School District / 104,484"
"$66,080 ",Blake Elementary School District / 210
"$66,058 ","East Nicolaus Joint Union High School District / 2,714"
"$65,954 ","Sierra Unified School District / 9,584"
"$65,945 ","Durham Unified School District / 4,889"
"$65,938 ","Banta Elementary School District / 5,277"
"$65,938 ","Name N/A / 5,277"
"$65,883 ","Solvang Elementary School District / 5,812"
"$65,833 ",Magnolia Union Elementary School District / 112
"$65,759 ","Elk Grove Unified School District / 326,226"
"$65,664 ","Mammoth Unified School District / 9,463"
"$65,646 ","Paso Robles Joint Unified School District / 41,291"
"$65,645 ","Kenwood Elementary School District / 4,041"
"$65,625 ","Centralia Elementary School District / 55,222"
"$65,590 ","Rio Elementary School District / 38,431"
"$65,572 ","Antioch Unified School District / 110,845"
"$65,570 ","Atascadero Unified School District / 36,499"
"$65,569 ","Norwalk-La Mirada Unified School District / 125,814"
"$65,431 ","Twin Rivers Unified School District in Elverta / 3,324"
"$65,431 ","Elverta Joint Elementary School District / 3,324"
"$65,388 ","Berkeley Unified School District / 115,570"
"$65,096 ","Panama-Buena Vista Union Elementary School District / 125,006"
"$65,000 ",Citrus South Tule Elementary School District / 509
"$64,964 ","Whittier Union High School District / 223,988"
"$64,919 ","Colfax Elementary School District / 5,793"
"$64,875 ","Valley Home Joint Elementary School District / 1,667"
"$64,722 ","Central Elementary School District / 37,990"
"$64,654 ","North Monterey County Unified School District / 26,775"
"$64,643 ","Hart-Ransom Union Elementary School District / 4,285"
"$64,583 ","Harmony Union Elementary School District / 4,466"
"$64,540 ","Little Lake City Elementary School District / 34,267"
"$64,492 ","Gold Trail Union Elementary School District / 6,087"
"$64,389 ","Covina-Valley Unified School District / 79,918"
"$64,307 ","Chaffey Joint Union High School District / 407,913"
"$64,293 ","Pleasant Ridge Union Elementary School District / 20,374"
"$64,258 ","Placer Union High School District / 89,490"
"$64,250 ",Gorman Elementary School District / 111
"$64,125 ","Johnstonville Elementary School District / 1,323"
"$64,087 ","Lakeside Union Elementary School District / 40,961"
"$64,079 ","Name N/A / 10,584,859"
"$64,066 ","Foresthill Union Elementary School District / 5,878"
"$63,731 ","Pleasant Valley Elementary School District / 8,253"
"$63,676 ","Upland Unified School District / 74,363"
"$63,656 ","Wheatland Union High School District / 11,345"
"$63,575 ","Brittan Elementary School District / 3,760"
"$63,500 ",Paradise Elementary School District / 809
"$63,481 ","San Leandro Unified School District / 69,203"
"$63,375 ",Fieldbrook Elementary School District / 838
"$63,295 ","Gonzales Unified (9-12) School District / 2,020"
"$63,295 ","Chualar Union Elementary School District / 2,020"
"$63,281 ",Kneeland Elementary School District / 387
"$63,137 ","West Contra Costa Unified School District / 241,831"
"$63,125 ",Jefferson Elementary School District / 173
"$63,100 ","Santa Cruz City High School District / 93,359"
"$63,000 ","Millville Elementary School District / 1,853"
"$62,976 ","Hughes-Elizabeth Lakes Union Elementary School District / 3,339"
"$62,955 ","Lake Elsinore Unified School District / 123,062"
"$62,955 ","Princeton Joint Unified School District / 1,239"
"$62,891 ","Shasta Union Elementary School District / 2,311"
"$62,794 ","Sutter Union High School District / 7,808"
"$62,408 ","Rowland Unified School District / 112,198"
"$62,188 ","Wright Elementary School District / 19,794"
"$62,182 ","Duarte Unified School District / 27,361"
"$62,162 ","Buena Park Elementary School District / 49,447"
"$62,057 ","Temple City Unified School District / 36,238"
"$61,969 ","Santa Cruz City Elementary School District / 64,200"
"$61,919 ","San Miguel Joint Union Elementary School District / 5,978"
"$61,873 ","Hayward Unified School District / 171,972"
"$61,708 ","Linden Unified School District / 11,778"
"$61,639 ","Galt Joint Union High School District / 37,524"
"$61,497 ","West Sonoma County Union High School District / 47,974"
"$61,467 ","San Gabriel Unified School District / 41,687"
"$61,462 ","Oxnard Elementary School District / 127,565"
"$61,450 ","Galt Joint Union Elementary School District / 29,087"
"$61,386 ","Calistoga Joint Unified School District / 7,309"
"$61,343 ","Alpine County Unified School District / 1,202"
"$61,329 ","San Diego City Unified School District / 1,038,456"
"$61,321 ","Sierra Sands Unified School District / 35,295"
"$61,272 ","La Mesa-Spring Valley School District / 134,920"
"$61,250 ","Springville Union Elementary School District / 3,002"
"$61,250 ","Beaumont Unified School District / 50,547"
"$61,163 ","Santa Rosa High School District / 211,800"
"$60,994 ","South Whittier Elementary School District / 28,863"
"$60,921 ","Shaffer Union Elementary School District / 9,994"
"$60,800 ","Live Oak Elementary School District / 22,593"
"$60,729 ","Riverside Unified School District / 250,974"
"$60,710 ","Grossmont Union High School District / 466,270"
"$60,625 ",Panoche Elementary School District / 134
"$60,625 ","Tehachapi Unified School District / 34,595"
"$60,622 ","La Habra City Elementary School District / 51,618"
"$60,486 ","Coast Unified School District / 7,176"
"$60,468 ","Pajaro Valley Joint Unified School District / 116,358"
"$60,427 ","Sonoma Valley Unified School District / 42,427"
"$60,417 ",Silver Fork Elementary School District / 126
"$60,388 ","Bassett Unified School District / 26,107"
"$60,383 ","Manteca Unified School District / 120,724"
"$60,298 ","Healdsburg Unified School District / 15,104"
"$60,263 ","Raymond-Knowles Union Elementary School District / 1,229"
"$60,263 ","Yosemite Unified School District in Raymond-Knowles / 1,229"
"$60,195 ","Kit Carson Union Elementary School District / 2,801"
"$60,109 ","Whittier City Elementary School District / 69,244"
"$60,093 ","Two Rock Union Elementary School District / 1,813"
"$60,000 ",Knights Ferry Elementary School District / 553
"$59,988 ","Lucia Mar Unified School District / 77,333"
"$59,925 ","Sylvan Union Elementary School District / 73,983"
"$59,808 ","Lassen Union High School District / 26,730"
"$59,741 ","Romoland Elementary School District / 26,855"
"$59,583 ",Maple Creek Elementary School District / 36
"$59,550 ","Central Unified School District / 73,264"
"$59,522 ","Sebastopol Union Elementary School District / 12,316"
"$59,458 ","Columbia Elementary School District / 9,631"
"$59,379 ","Monterey Peninsula Unified School District / 90,626"
"$59,188 ","Island Union Elementary School District / 1,398"
"$59,176 ","Downey Unified School District / 121,885"
"$59,146 ","Buellton Union Elementary School District / 5,507"
"$59,101 ","Nevada City Elementary School District / 15,471"
"$58,960 ","Franklin-McKinley Elementary School District / 90,120"
"$58,939 ","Horicon Elementary School District / 1,328"
"$58,803 ","Menifee Union Elementary School District / 83,734"
"$58,796 ","Hueneme Elementary School District / 55,490"
"$58,754 ","San Lorenzo Unified School District / 79,982"
"$58,750 ","Clear Creek Elementary School District / 1,804"
"$58,611 ",Coffee Creek Elementary School District / 146
"$58,611 ",Trinity Alps Unified School District in Coffee Creek / 146
"$58,588 ","Cotati-Rohnert Park Unified School District / 52,058"
"$58,558 ",Montgomery Elementary School District / 807
"$58,487 ","Garden Grove Unified School District / 280,562"
"$58,326 ","Mountain Empire Unified School District / 10,652"
"$58,245 ","Vallejo City Unified School District / 120,853"
"$58,169 ","San Marcos Unified School District / 119,125"
"$58,056 ","Cloverdale Unified School District / 10,634"
"$58,001 ","Yucaipa-Calimesa Joint Unified School District / 60,586"
"$57,917 ",Name N/A / 212
"$57,917 ",Mountain House Elementary School District / 212
"$57,902 ","Savanna Elementary School District / 30,611"
"$57,805 ","Anaheim Union High School District / 393,069"
"$57,778 ","Butteville Union Elementary School District / 1,720"
"$57,656 ","River Delta Joint Unified School District / 15,056"
"$57,634 ","Sequoia Union Elementary School District / 1,993"
"$57,634 ","Name N/A / 1,993"
"$57,467 ","Oakdale Joint Unified School District / 29,488"
"$57,335 ","Middletown Unified School District / 9,865"
"$57,312 ","Alum Rock Union Elementary School District / 111,398"
"$57,188 ","Winters Joint Unified School District / 9,392"
"$57,142 ","Fallbrook Union High School District / 80,574"
"$57,139 ","Sweetwater Union High School District / 475,328"
"$57,054 ","Kingsburg Joint Union Elementary School District / 15,387"
"$57,031 ","Round Valley Joint Elementary School District / 1,361"
"$57,031 ","Name N/A / 1,361"
"$56,970 ","Mother Lode Union Elementary School District / 16,464"
"$56,926 ","Snowline Joint Unified School District / 37,760"
"$56,911 ","El Rancho Unified School District / 61,415"
"$56,875 ",Delphic Elementary School District / 81
"$56,875 ",Maple Elementary School District / 631
"$56,827 ","Evergreen Union Elementary School District / 9,834"
"$56,750 ","Hickman Elementary School District / 1,030"
"$56,700 ","Ready Springs Union Elementary School District / 5,563"
"$56,611 ","Azusa Unified School District / 68,134"
"$56,563 ","Camino Union Elementary School District / 4,119"
"$56,557 ","Aromas-San Juan Unified School District / 4,154"
"$56,554 ","Center Joint Unified School District / 28,098"
"$56,551 ","Burton Elementary School District / 16,899"
"$56,523 ","Southern Kern Unified School District / 19,800"
"$56,419 ","Hydesville Elementary School District / 1,381"
"$56,409 ","Lodi Unified School District / 169,048"
"$56,346 ","Geyserville Unified School District / 1,762"
"$56,318 ","Jurupa Unified School District / 97,621"
"$56,288 ","Santa Maria Joint Union High School District / 144,755"
"$56,250 ","Big Pine Unified School District / 1,735"
"$56,187 ","Davis Joint Unified School District / 75,668"
"$56,172 ","Mark Twain Union Elementary School District / 9,928"
"$56,158 ","Santa Rita Union Elementary School District / 24,238"
"$56,111 ","Pacheco Union Elementary School District / 8,849"
"$56,051 ","Rim of the World Unified School District / 26,147"
"$56,000 ",Desert Center Unified School District / 431
"$55,992 ","Glendale Unified School District / 217,882"
"$55,951 ","Name N/A / 3,149"
"$55,951 ","Briggs Elementary School District / 3,149"
"$55,916 ","Kingsburg Joint Union High School District / 18,469"
"$55,893 ","Reeds Creek Elementary School District / 1,409"
"$55,874 ","Westminster Elementary School District / 86,034"
"$55,848 ","Escalon Unified School District / 14,793"
"$55,775 ","Sanger Unified School District / 50,298"
"$55,769 ","Woodland Joint Unified School District / 62,584"
"$55,750 ",La Grange Elementary School District / 195
"$55,714 ","Capay Joint Union Elementary School District / 1,046"
"$55,693 ","Fillmore Unified School District / 19,646"
"$55,670 ","Long Beach Unified School District / 517,243"
"$55,568 ","Auburn Union Elementary School District / 35,333"
"$55,540 ","Williams Unified School District / 5,977"
"$55,411 ","Forestville Union Elementary School District / 7,143"
"$55,391 ","Valle Lindo Elementary School District / 6,532"
"$55,373 ","Lompoc Unified School District / 58,564"
"$55,371 ","Pittsburg Unified School District / 57,097"
"$55,295 ","Los Nietos Elementary School District / 16,470"
"$55,107 ","Alvord Unified School District / 111,564"
"$55,066 ","Hughson Unified School District / 9,728"
"$54,990 ","Bellflower Unified School District / 83,462"
"$54,958 ","Bret Harte Union High School District / 19,135"
"$54,949 ","Vista Unified School District / 148,293"
"$54,930 ","Calaveras Unified School District / 25,786"
"$54,888 ","Pollock Pines Elementary School District / 8,439"
"$54,864 ","Anaheim Elementary School District / 199,329"
"$54,844 ",Bradley Union Elementary School District / 838
"$54,821 ","Nuview Union Elementary School District / 10,327"
"$54,782 ","Ocean View Elementary School District / 17,485"
"$54,750 ",Whitmore Union Elementary School District / 846
"$54,671 ","Vallecitos Elementary School District / 1,996"
"$54,637 ","Curtis Creek Elementary School District / 9,364"
"$54,583 ",Meridian Elementary School District / 686
"$54,523 ","Val Verde Unified School District / 87,285"
"$54,514 ","Cinnabar Elementary School District / 2,441"
"$54,417 ","San Juan Unified School District / 327,851"
"$54,375 ",Flournoy Union Elementary School District / 293
"$54,375 ","Washington Colony Elementary School District / 2,631"
"$54,317 ","Lincoln Unified School District / 47,549"
"$54,271 ","Cayucos Elementary School District / 2,628"
"$54,141 ","Nevada Joint Union High School District / 81,741"
"$54,100 ","Alhambra Unified School District / 117,800"
"$54,023 ","Salinas Union High School District / 173,987"
"$54,007 ","Santa Rosa Elementary School District / 71,625"
"$53,966 ","Pioneer Union Elementary School District / 4,351"
"$53,836 ","Stanislaus Union Elementary School District / 30,330"
"$53,750 ",Plainsburg Union Elementary School District / 528
"$53,692 ","Desert Sands Unified School District / 183,446"
"$53,654 ","Union Hill Elementary School District / 2,547"
"$53,551 ","Santa Ana Unified School District / 259,835"
"$53,544 ","Moreno Valley Unified School District / 171,643"
"$53,534 ","Ravenswood City Elementary School District / 35,240"
"$53,459 ","Pomona Unified School District / 170,167"
"$53,339 ","Heber Elementary School District / 7,129"
"$53,307 ","Washington Unified School District / 49,946"
"$53,253 ","Name N/A / 28,834"
"$53,246 ","Oceanside Unified School District / 139,735"
"$53,196 ","Lemon Grove Elementary School District / 34,849"
"$53,169 ","Cucamonga Elementary School District / 28,773"
"$53,125 ",Peninsula Union Elementary School District / 508
"$53,083 ","Potter Valley Community Unified School District / 2,612"
"$53,036 ","Fontana Unified School District / 180,724"
"$52,964 ","Amador County Unified School District / 37,159"
"$52,943 ","Oakland Unified School District / 402,482"
"$52,917 ","Belleview Elementary School District / 1,729"
"$52,906 ","Name N/A / 1,941"
"$52,906 ","New Jerusalem Elementary School District / 1,941"
"$52,847 ","Fallbrook Union Elementary School District / 62,413"
"$52,821 ","Summerville Elementary School District / 4,207"
"$52,768 ","Lemoore Union Elementary School District / 26,464"
"$52,742 ","Hilmar Unified School District / 9,946"
"$52,727 ",Marcum-Illinois Union Elementary School District / 917
"$52,713 ","Julian Union Elementary School District / 3,628"
"$52,691 ","Alta-Dutch Flat Union Elementary School District / 1,331"
"$52,656 ",Lake Elementary School District / 509
"$52,644 ","Greenfield Union Elementary School District / 17,579"
"$52,566 ","Perris Union High School District / 168,828"
"$52,500 ","Newcastle Elementary School District / 2,550"
"$52,500 ","Richfield Elementary School District / 1,230"
"$52,465 ","Cajon Valley Union Elementary School District / 166,823"
"$52,398 ","Vallecito Union Elementary School District / 9,207"
"$52,362 ","Escondido Union High School District / 169,107"
"$52,356 ","Bellevue Union Elementary School District / 25,617"
"$51,984 ","Cutten Elementary School District / 5,179"
"$51,826 ","Patterson Joint Unified School District / 26,374"
"$51,795 ","Luther Burbank Elementary School District / 4,306"
"$51,724 ","Wheatland Elementary School District / 7,162"
"$51,716 ","Escondido Union Elementary School District / 165,464"
"$51,703 ","Gonzales Unified School District / 9,375"
"$51,694 ","Hanford Joint Union High School District / 70,552"
"$51,642 ","Julian Union High School District / 4,142"
"$51,599 ","Lawndale Elementary School District / 48,987"
"$51,458 ",Columbine Elementary School District / 335
"$51,449 ","Antelope Valley Union High School District / 376,846"
"$51,349 ","Yuba City Unified School District / 74,090"
"$51,337 ","San Luis Coastal Unified School District / 90,461"
"$51,328 ","Shoreline Unified School District / 5,425"
"$51,326 ","Baldwin Park Unified School District / 75,705"
"$51,319 ","Manzanita Elementary School District / 1,193"
"$51,318 ","Placerville Union Elementary School District / 14,810"
"$51,293 ","Susanville Elementary School District / 10,755"
"$51,250 ",Bridgeville Elementary School District / 486
"$51,250 ",Hope Elementary School District / 673
"$51,250 ",Owens Valley Unified School District / 689
"$51,216 ","Pierce Joint Unified School District / 6,367"
"$51,100 ","Trinidad Union Elementary School District / 1,683"
"$50,972 ","Edison Elementary School District / 6,233"
"$50,894 ","Mariposa County Unified School District / 17,735"
"$50,733 ","Visalia Unified School District / 145,530"
"$50,640 ","Livingston Union Elementary School District / 16,084"
"$50,625 ",Indian Diggings Elementary School District / 118
"$50,609 ","Freshwater Elementary School District / 2,498"
"$50,556 ",General Shafter Elementary School District / 883
"$50,550 ","Eastern Sierra Unified School District / 4,291"
"$50,411 ","Bella Vista Elementary School District / 3,755"
"$50,399 ","Biggs Unified School District / 3,382"
"$50,291 ","Colton Joint Unified School District / 117,644"
"$50,227 ","Ferndale Unified School District / 3,078"
"$50,188 ","Sundale Union Elementary School District / 2,667"
"$50,187 ","Roseland Elementary School District / 12,127"
"$50,179 ","Chicago Park Elementary School District / 1,302"
"$50,152 ","Rosemead Elementary School District / 28,045"
"$50,099 ","Turlock Unified School District / 71,507"
"$50,012 ","Ukiah Unified School District / 40,931"
"$49,893 ","Lemoore Union High School District / 37,960"
"$49,842 ","Silver Valley Unified School District / 13,588"
"$49,762 ","Gerber Union Elementary School District / 3,726"
"$49,698 ","McKinleyville Union Elementary School District / 16,638"
"$49,643 ","Ackerman Elementary School District / 2,423"
"$49,622 ","Rialto Unified School District / 124,641"
"$49,500 ",Big Lagoon Union Elementary School District / 452
"$49,332 ","Ontario-Montclair Elementary School District / 171,174"
"$49,260 ","Santa Maria-Bonita Elementary School District / 99,819"
"$49,238 ","Alisal Union Elementary School District / 57,986"
"$49,173 ","Los Angeles Unified School District / 4,616,744"
"$49,029 ","Chawanakee Unified School District / 3,786"
"$49,013 ","Kern Union High School District / 614,756"
"$48,942 ","San Ysidro Elementary School District / 44,246"
"$48,932 ","Apple Valley Unified School District / 78,319"
"$48,928 ","Sonora Union High School District / 39,086"
"$48,699 ","Salinas City Elementary School District / 78,278"
"$48,698 ","Lassen View Union Elementary School District / 2,655"
"$48,585 ","Willows Unified School District / 9,285"
"$48,545 ","Big Oak Flat-Groveland Unified School District / 4,945"
"$48,416 ","Modesto City High School District / 270,816"
"$48,393 ","Scotia Union Elementary School District / 1,345"
"$48,352 ","Keppel Union Elementary School District / 20,554"
"$48,348 ","Happy Valley Union Elementary School District / 6,126"
"$48,333 ","Columbia Union Elementary School District / 6,483"
"$48,325 ","Blue Lake Union Elementary School District / 2,511"
"$48,214 ",Shiloh Elementary School District / 793
"$48,162 ","King City Joint Union High School District / 38,370"
"$48,162 ","Palmdale Elementary School District / 134,570"
"$47,990 ","Magnolia Elementary School District / 63,683"
"$47,963 ","Plumas Unified School District / 19,131"
"$47,925 ","Sacramento City Unified School District / 328,696"
"$47,895 ",Merced River Union Elementary School District / 918
"$47,699 ","Empire Union Elementary School District / 25,081"
"$47,611 ","Black Butte Union Elementary School District / 3,986"
"$47,580 ","Lake Tahoe Unified School District / 28,631"
"$47,570 ","Name N/A / 12,100"
"$47,500 ",Mount Baldy Joint Elementary School District / 276
"$47,451 ","Kelseyville Unified School District / 13,620"
"$47,446 ","Yosemite Unified School District / 10,167"
"$47,353 ","Hesperia Unified School District / 102,594"
"$47,321 ","Ballico-Cressey Elementary School District / 2,442"
"$47,266 ","Waterford Unified School District / 9,673"
"$47,143 ","Twin Rivers Unified School District in Robla / 20,703"
"$47,143 ","Robla Elementary School District / 20,703"
"$47,123 ","Yosemite Unified School District in Bass Lake / 11,644"
"$47,123 ","Bass Lake Joint Union Elementary School District / 11,644"
"$46,985 ","Maxwell Unified School District / 1,718"
"$46,984 ","Riverdale Joint Unified School District / 7,027"
"$46,959 ","Cottonwood Union Elementary School District / 10,086"
"$46,929 ","Summerville Union High School District / 10,316"
"$46,897 ","South Bay Union Elementary School District / 80,472"
"$46,833 ","South Bay Union Elementary School District / 7,227"
"$46,682 ","Hanford Elementary School District / 44,944"
"$46,587 ","Barstow Unified School District / 34,365"
"$46,563 ","El Tejon Unified School District / 8,549"
"$46,541 ","Tulare City Elementary School District / 61,949"
"$46,500 ",Linns Valley-Poso Flat Union School District / 667
"$46,500 ",Stone Corral Elementary School District / 786
"$46,500 ",Name N/A / 786
"$46,483 ","Colusa Unified School District / 7,951"
"$46,318 ","Mount Shasta Union Elementary School District / 7,034"
"$46,284 ","Ceres Unified School District / 54,452"
"$46,250 ",Midway Elementary School District / 448
"$46,214 ","Chico Unified School District / 108,355"
"$46,161 ","Name N/A / 13,856"
"$45,947 ","Shasta Union High School District / 102,297"
"$45,816 ","Lancaster Elementary School District / 114,402"
"$45,780 ","Twain Harte-Long Barn Union Elementary School District / 6,109"
"$45,748 ","Live Oak Unified School District / 10,307"
"$45,694 ","Taft City Elementary School District / 18,790"
"$45,689 ","Soledad Unified School District / 26,464"
"$45,537 ","Centinela Valley Union High School District / 164,477"
"$45,250 ","Delhi Unified School District / 12,049"
"$45,179 ","Taft Union High School District / 19,725"
"$45,074 ","Guadalupe Union Elementary School District / 7,230"
"$45,000 ","Lakeport Unified School District / 9,911"
"$45,000 ",Elk Hills Elementary School District / 234
"$44,980 ","Los Banos Unified School District / 40,166"
"$44,944 ","Eastside Union Elementary School District / 24,787"
"$44,893 ","Trinity Alps Unified School District / 4,025"
"$44,885 ","Point Arena Joint Union High School District / 4,733"
"$44,809 ","Paramount Unified School District / 79,104"
"$44,762 ","Oak Valley Union Elementary School District / 1,343"
"$44,624 ","Mojave Unified School District / 18,025"
"$44,577 ","Anderson Union High School District / 39,665"
"$44,562 ","Newman-Crows Landing Unified School District / 12,946"
"$44,561 ","Kings Canyon Joint Unified School District / 46,807"
"$44,550 ","Inglewood Unified School District / 114,173"
"$44,438 ","Big Valley Joint Unified School District / 1,325"
"$44,348 ","Name N/A / 2,295"
"$44,348 ","Three Rivers Union Elementary School District / 2,295"
"$44,294 ","Garvey Elementary School District / 51,203"
"$44,294 ","Alhambra Unified (9-12) School District / 51,203"
"$44,218 ","Montebello Unified School District / 166,945"
"$44,209 ","Compton Unified School District / 156,928"
"$44,167 ",Fort Ross Elementary School District / 576
"$44,112 ","Tulare Joint Union High School District / 79,949"
"$44,045 ","San Jacinto Unified School District / 47,122"
"$44,005 ","Victor Valley Union High School District / 160,967"
"$43,964 ","Turlock Unified School District in Chatom Union / 4,174"
"$43,946 ","Jamestown Elementary School District / 7,905"
"$43,942 ","Sierra-Plumas Joint Unified School District / 3,174"
"$43,930 ","Palm Springs Unified School District / 170,230"
"$43,808 ","Marysville Joint Unified School District / 61,532"
"$43,771 ","Red Bluff Joint Union High School District / 42,864"
"$43,750 ","Lakeside Union Elementary School District / 2,635"
"$43,720 ","Riverbank Unified School District / 15,602"
"$43,686 ","Selma Unified School District / 29,495"
"$43,679 ","Chatom Union Elementary School District / 4,157"
"$43,588 ","Palo Verde Unified School District / 24,086"
"$43,576 ","Victor Elementary School District / 96,508"
"$43,523 ","Grenada Elementary School District / 1,076"
"$43,523 ","Gridley Unified School District / 9,876"
"$43,500 ",Name N/A / 614
"$43,472 ","Holtville Unified School District / 8,593"
"$43,456 ","Madera Unified School District / 90,738"
"$43,342 ","Central Union High School District / 57,394"
"$43,333 ",Manchester Union Elementary School District / 848
"$43,292 ","Coalinga-Huron Joint Unified School District / 27,911"
"$43,284 ","Guerneville Elementary School District / 4,474"
"$43,192 ","Caruthers Unified School District / 5,201"
"$43,051 ","Greenfield Union Elementary School District / 51,494"
"$42,974 ","Scott Valley Unified School District / 5,119"
"$42,922 ","Merced Union High School District / 172,168"
"$42,917 ","Northern Humboldt Union High School District / 45,602"
"$42,899 ","Fortuna Union High School District / 21,848"
"$42,892 ","King City Union Elementary School District / 16,889"
"$42,857 ","Alview-Dairyland Union Elementary School District / 1,503"
"$42,813 ",Snelling-Merced Falls Union Elementary School District / 493
"$42,788 ",Willow Creek Elementary School District / 633
"$42,767 ","Oroville City Elementary School District / 22,764"
"$42,757 ","Montague Elementary School District / 2,229"
"$42,755 ","Name N/A / 12,937"
"$42,725 ","Muroc Joint Unified School District / 5,925"
"$42,641 ","Atwater Elementary School District / 34,346"
"$42,625 ","Loleta Union Elementary School District / 1,306"
"$42,564 ","Laytonville Unified School District / 2,394"
"$42,500 ","Le Grand Union Elementary School District / 2,281"
"$42,500 ",Buena Vista Elementary School District / 294
"$42,500 ",McKittrick Elementary School District / 129
"$42,493 ","Winton Elementary School District / 11,981"
"$42,362 ","Adelanto Elementary School District / 57,092"
"$42,323 ","Brawley Elementary School District / 26,358"
"$42,304 ","Redding Elementary School District / 35,316"
"$42,225 ","El Monte Union High School District / 176,553"
"$42,116 ","Lynwood Unified School District / 69,538"
"$42,015 ","Bear Valley Unified School District / 18,707"
"$42,007 ","Gateway Unified School District / 28,594"
"$41,953 ",Spencer Valley Elementary School District / 514
"$41,938 ","Grass Valley Elementary School District / 23,916"
"$41,875 ",Junction Elementary School District / 95
"$41,825 ","Hawthorne Elementary School District / 73,786"
"$41,811 ","Brawley Union High School District / 28,739"
"$41,806 ","Central Union Elementary School District / 10,098"
"$41,712 ","El Monte City Elementary School District / 84,753"
"$41,703 ","Kerman Unified School District / 18,645"
"$41,667 ",San Ardo Union Elementary School District / 805
"$41,625 ","Big Springs Union Elementary School District / 1,645"
"$41,607 ",Mission Union Elementary School District / 301
"$41,535 ","Name N/A / 9,924"
"$41,500 ",Pacific Unified School District / 391
"$41,414 ","Siskiyou Union High School District / 15,637"
"$41,223 ","Fort Sage Unified School District / 3,178"
"$41,156 ","Paradise Unified School District / 39,625"
"$41,125 ",San Lucas Union Elementary School District / 301
"$41,077 ","Enterprise Elementary School District / 32,683"
"$41,052 ","Porterville Unified (9-12) School District / 47,472"
"$40,917 ","Bangor Union Elementary School District / 1,141"
"$40,750 ",Belridge Elementary School District / 124
"$40,702 ","Name N/A / 10,120"
"$40,654 ","Richland-Lerdo Union Elementary School District / 19,667"
"$40,625 ",Bogus Elementary School District / 471
"$40,625 ","Buttonwillow Union Elementary School District / 1,972"
"$40,466 ","Twin Rivers Unified School District / 159,155"
"$40,300 ","Merced City Elementary School District / 85,645"
"$40,250 ",Little Shasta Elementary School District / 447
"$40,216 ","Antelope Elementary School District / 5,303"
"$40,204 ","Corning Union High School District / 17,016"
"$40,181 ","Rio Dell Elementary School District / 3,435"
"$40,179 ",Stony Creek Joint Unified School District / 933
"$40,147 ","Pioneer Union Elementary School District / 1,363"
"$40,000 ",Alvina Elementary School District / 442
"$39,910 ","Banning Unified School District / 35,042"
"$39,881 ","Modoc Joint Unified School District / 6,439"
"$39,868 ",Winship Elementary School District / 584
"$39,861 ","Los Molinos Unified School District / 3,508"
"$39,688 ","Mendocino Unified School District / 5,041"
"$39,670 ","Eureka City Unified School District / 34,993"
"$39,646 ","Fall River Joint Unified School District / 7,651"
"$39,583 ","Traver Joint Elementary School District / 1,336"
"$39,479 ","Mountain View Elementary School District / 57,223"
"$39,400 ","Fowler Unified School District / 10,546"
"$39,400 ","Sonora Elementary School District / 9,395"
"$39,375 ","Palermo Union Elementary School District / 7,779"
"$39,348 ","Meadows Union Elementary School District / 1,967"
"$39,313 ","National Elementary School District / 58,053"
"$39,302 ","Del Norte County Unified School District / 28,066"
"$39,297 ","Waukena Joint Union Elementary School District / 1,059"
"$39,283 ","Fairfax Elementary School District / 15,158"
"$39,277 ","Wasco Union Elementary School District / 26,615"
"$39,228 ","Gustine Unified School District / 8,505"
"$39,219 ","Corning Union Elementary School District / 14,544"
"$39,208 ","Morongo Unified School District / 70,035"
"$39,175 ","Pacific Union Elementary School District / 5,155"
"$39,167 ","San Bernardino City Unified School District / 257,587"
"$39,135 ",Kirkwood Elementary School District / 318
"$39,111 ","Weaver Union Elementary School District / 12,719"
"$39,077 ","Armona Union Elementary School District / 6,109"
"$39,013 ","Fort Bragg Unified School District / 14,409"
"$38,970 ","Dinuba Unified School District / 25,475"
"$38,932 ","Chowchilla Union High School District / 24,076"
"$38,889 ","West Park Elementary School District / 1,794"
"$38,850 ","Coachella Valley Unified School District / 85,356"
"$38,798 ","Willits Unified School District / 12,686"
"$38,750 ","Pacific Union Elementary School District / 3,850"
"$38,750 ",Green Point Elementary School District / 170
"$38,600 ","Chowchilla Elementary School District / 22,573"
"$38,591 ","Wasco Union High School District / 30,282"
"$38,557 ","Oroville Union High School District / 53,808"
"$38,500 ","McCloud Union Elementary School District / 1,332"
"$38,475 ","Perris Elementary School District / 47,912"
"$38,363 ","Monte Rio Union Elementary School District / 1,713"
"$38,190 ","Anderson Valley Unified School District / 2,967"
"$38,125 ",Cuddeback Union Elementary School District / 958
"$38,085 ","Orland Joint Unified School District / 12,854"
"$38,036 ",Saucelito Elementary School District / 209
"$37,949 ","Standard Elementary School District / 24,375"
"$37,946 ",Trinity Alps Unified School District in Burnt Ranch / 786
"$37,946 ",Burnt Ranch Elementary School District / 786
"$37,917 ",Burrel Union Elementary School District / 481
"$37,701 ","Hemet Unified School District / 136,298"
"$37,679 ","Le Grand Union High School District / 8,121"
"$37,663 ",Baker Valley Unified School District / 969
"$37,589 ","Name N/A / 3,251"
"$37,508 ","Red Bluff Union Elementary School District / 19,937"
"$37,500 ","El Centro Elementary School District / 38,850"
"$37,500 ","Warner Unified School District / 1,867"
"$37,390 ","Modesto City Elementary School District / 114,588"
"$37,235 ","Tulelake Basin Joint Unified School District / 2,506"
"$37,232 ",Klamath River Union Elementary School District / 514
"$37,225 ","Arena Union Elementary School District / 2,486"
"$37,191 ","Keyes Union Elementary School District / 6,568"
"$37,143 ",Gazelle Union Elementary School District / 324
"$37,079 ","Turlock Unified School District in Keyes Union / 6,551"
"$36,806 ","Laton Joint Unified School District / 3,397"
"$36,696 ",Pond Union Elementary School District / 752
"$36,656 ","Porterville Unified School District / 50,383"
"$36,592 ","Stockton Unified School District / 200,825"
"$36,563 ",Hornbrook Elementary School District / 713
"$36,393 ","Delano Union Elementary School District / 55,166"
"$36,359 ","Bakersfield City Elementary School District / 192,403"
"$36,344 ","Sunnyside Union Elementary School District / 2,221"
"$36,250 ",Union Joint Elementary School District / 74
"$36,250 ","Maricopa Unified School District / 1,815"
"$36,250 ","Seeley Union Elementary School District / 2,436"
"$36,094 ","Liberty Elementary School District / 1,786"
"$36,034 ","Southern Humboldt Joint Unified School District / 7,678"
"$35,893 ",Hot Springs Elementary School District / 289
"$35,875 ",Douglas City Elementary School District / 847
"$35,875 ",Trinity Alps Unified School District in Douglas City / 847
"$35,833 ",Mattole Unified School District / 602
"$35,667 ","Borrego Springs Unified School District / 2,607"
"$35,593 ","Lennox Elementary School District / 28,409"
"$35,514 ","Wilsona Elementary School District / 9,857"
"$35,139 ","New Hope Elementary School District / 1,130"
"$35,102 ","Arvin Union Elementary School District / 20,219"
"$35,071 ","Cascade Union Elementary School District / 14,604"
"$34,918 ","Corcoran Joint Unified School District / 25,376"
"$34,916 ","Calexico Unified School District / 39,652"
"$34,911 ","Trinity Alps Unified School District in Lewiston / 1,968"
"$34,911 ","Lewiston Elementary School District / 1,968"
"$34,884 ","Fresno Unified School District / 389,017"
"$34,842 ","McFarland Unified School District / 13,750"
"$34,755 ","Mountain Union Elementary School District / 1,209"
"$34,732 ","Di Giorgio Elementary School District / 1,111"
"$34,637 ","Lamont Elementary School District / 17,451"
"$34,472 ","Tipton Elementary School District / 3,134"
"$34,464 ","Weed Union Elementary School District / 3,839"
"$34,433 ","Dos Palos-Oro Loma Joint Unified School District / 11,228"
"$34,191 ",Trinity Alps Unified School District in Junction City / 977
"$34,191 ",Junction City Elementary School District / 977
"$34,115 ","Delano Joint Union High School District / 71,140"
"$34,021 ","Yreka Union High School District / 17,741"
"$33,952 ","Round Valley Unified School District / 2,568"
"$33,750 ",Castle Rock Union Elementary School District / 341
"$33,733 ","Strathmore Union Elementary School District / 6,354"
"$33,708 ","Palo Verde Union Elementary School District / 2,538"
"$33,676 ","Westmorland Union Elementary School District / 2,131"
"$33,558 ","Westside Elementary School District / 1,633"
"$33,542 ",Ravendale-Termo Elementary School District / 119
"$33,516 ","Lone Pine Unified School District / 2,502"
"$33,464 ","Klamath-Trinity Joint Unified School District / 5,840"
"$33,333 ","Twin Ridges Elementary School District / 2,511"
"$33,315 ","Monroe Elementary School District / 1,095"
"$33,295 ","Westwood Unified School District / 1,701"
"$33,191 ","Dunsmuir Joint Union High School District / 2,364"
"$33,125 ","Dunsmuir Elementary School District / 2,023"
"$33,088 ","Thermalito Union Elementary School District / 17,795"
"$33,047 ","Raisin City Elementary School District / 1,642"
"$33,011 ","Lost Hills Union Elementary School District / 2,686"
"$32,991 ","El Nido Elementary School District / 1,763"
"$32,896 ","Lindsay Unified School District / 17,520"
"$32,500 ",Orick Elementary School District / 300
"$32,500 ",Kashia Elementary School District / 71
"$32,500 ",Southern Trinity Joint Unified School District / 846
"$32,500 ","Farmersville Unified School District / 11,313"
"$32,276 ","Parlier Unified School District / 15,873"
"$32,238 ","Planada Elementary School District / 5,312"
"$32,188 ",Lincoln Elementary School District / 153
"$32,125 ","Golden Feather Union Elementary School District / 2,460"
"$31,964 ",Caliente Union Elementary School District / 820
"$31,944 ",Death Valley Unified School District / 471
"$31,903 ","Kings River Union Elementary School District / 3,468"
"$31,875 ",Trinity Alps Unified School District in Cox Bar / 191
"$31,875 ",Cox Bar Elementary School District / 191
"$31,875 ","Oro Grande Elementary School District / 1,054"
"$31,667 ",Semitropic Elementary School District / 350
"$31,554 ","Needles Unified School District / 6,632"
"$31,442 ","Rockford Elementary School District / 1,076"
"$31,375 ","Firebaugh-Las Deltas Joint Unified School District / 8,854"
"$31,250 ","Dinuba Unified (9-12) in Monson-Sultana Joint Union / 2,393"
"$31,250 ",Elkins Elementary School District / 199
"$31,250 ","Monson-Sultana Joint Union Elementary School District / 2,393"
"$31,231 ","Reef-Sunset Unified School District / 16,401"
"$31,093 ","Cutler-Orosi Joint Unified School District / 18,356"
"$31,060 ","Golden Plains Unified School District / 7,255"
"$30,768 ","Butte Valley Unified School District / 2,089"
"$30,742 ","Lucerne Valley Unified School District / 6,427"
"$30,409 ","San Pasqual Valley Unified School District / 2,410"
"$30,119 ","Vineland Elementary School District / 4,250"
"$29,866 ","Arcata Elementary School District / 14,464"
"$29,810 ","Trona Joint Unified School District / 1,801"
"$29,612 ",Cuyama Joint Unified School District / 976
"$29,474 ","South Fork Union Elementary School District / 3,907"
"$29,375 ",Oak Run Elementary School District / 565
"$29,208 ","Calipatria Unified School District / 12,196"
"$29,200 ","Alta Vista Elementary School District / 3,523"
"$29,097 ",French Gulch-Whiskeytown Elementary School District / 529
"$29,042 ","Yreka Union Elementary School District / 9,608"
"$29,028 ","Woodville Elementary School District / 3,156"
"$28,846 ","Orange Center Elementary School District / 1,845"
"$28,821 ","Mountain Valley Unified School District / 3,069"
"$28,781 ","Name N/A / 8,696"
"$28,705 ","Richgrove Elementary School District / 3,389"
"$28,468 ","Pixley Union Elementary School District / 5,179"
"$28,125 ","Ducor Union Elementary School District / 1,257"
"$28,042 ","Surprise Valley Joint Unified School District / 1,835"
"$28,005 ","Konocti Unified School District / 22,250"
"$27,938 ","Alpaugh Unified School District / 1,173"
"$27,656 ","Happy Camp Union Elementary School District / 1,296"
"$27,453 ","Upper Lake Union Elementary School District / 4,755"
"$27,409 ","Beardsley Elementary School District / 16,745"
"$27,384 ",Trinity Center Elementary School District / 413
"$27,384 ",Trinity Alps Unified School District in Trinity Center / 413
"$27,143 ","Igo, Ono, Platina Union Elementary School District / 731"
"$26,869 ","Terra Bella Union Elementary School District / 5,354"
"$26,719 ","Dinuba Unified (9-12) in Kings River Union / 2,241"
"$26,563 ",Allensworth Elementary School District / 489
"$26,421 ","Kernville Union Elementary School District / 10,709"
"$26,380 ","Mendota Unified School District / 12,523"
"$24,722 ",Camptonville Elementary School District / 632
"$24,619 ","Upper Lake Union High School District / 8,563"
"$23,579 ","Earlimart Elementary School District / 11,009"
"$23,393 ",Feather Falls Union Elementary School District / 506
"$23,125 ","Pleasant View Elementary School District / 2,803"
"$21,875 ",Scott Valley Unified School District in Forks of Salmon / 242
"$21,875 ",Forks of Salmon Elementary School District / 242
"$21,103 ",Seiad Elementary School District / 321
"$20,714 ",Leggett Valley Unified School District / 482
"$20,343 ","Lucerne Elementary School District / 3,808"
"$18,750 ",Indian Springs Elementary School District / 155